,ECG RMSSD,RSP Rate
0,[2185.299445537537],[5454.356057317857]
1,[2185.299445537537],[5454.356057317857]
2,[2185.299445537537],[5454.356057317857]
3,[2185.299445537537],[5454.356057317857]
4,[2185.299445537537],[5454.356057317857]
5,[2185.299445537537],[5454.356057317857]
6,[2185.299445537537],[5454.356057317857]
